interfaceFound,interfacePosition,volume,Weight
True,143.5,1788.293125,0.0
True,127.0,1520.692,292.0
True,109.0,1255.777,579.0
True,89.0,994.4870000000001,868.0
True,64.5,721.832625,1150.0
True,33.0,448.011,1432.0
